Binomial,Family,Genus,tiplabel,Adult_habitat,Life_history,Sex_dichromatism,SVL,mass,rootmass,eyesizeAllophryne_ruthveni,Allophrynidae,Allophryne,Allophryne_ruthveni_Allophrynidae,Scansorial,Free-living larvae,Absent,23.76666667,1,0.991774825,3.2Eupsophus_roseus,Alsodidae,Eupsophus,Eupsophus_roseus_Alsodidae,Ground-dwelling,Free-living larvae,Absent,38.375,7.5,1.927345095,5.3625Alytes_obstetricans,Alytidae,Alytes,Alytes_obstetricans_Alytidae,Ground-dwelling,Free-living larvae,Absent,37.46666667,6.666666667,1.869060121,6.366666667Discoglossus_pictus,Alytidae,Discoglossus,Discoglossus_pictus_Alytidae,Ground-dwelling,Free-living larvae,Absent,62.64,24.4,2.888546522,7.55Allobates_femoralis,Aromobatidae,Allobates,Allobates_femoralis_Dendrobatidae,Ground-dwelling,Free-living larvae,Absent,25.6,2.1,1.254969682,4.116666667Arthroleptis_poecilonotus,Arthroleptidae,Arthroleptis,Arthroleptis_poecilonotus_Arthroleptidae,Subfossorial,No free-living larvae,Absent,27.03333333,2.466666667,1.350761266,3.783333333Arthroleptis_variabilis,Arthroleptidae,Arthroleptis,Arthroleptis_variabilis_Arthroleptidae,Subfossorial,No free-living larvae,Absent,38.4,5.533333333,1.764430532,4.75Astylosternus_montanus,Arthroleptidae,Astylosternus,Astylosternus_montanus_Arthroleptidae,Ground-dwelling,Free-living larvae,NA,47.7,14.03333333,2.391979983,6.633333333Leptodactylodon_ovatus,Arthroleptidae,Leptodactylodon,Leptodactylodon_ovatus_Arthroleptidae,Semiaquatic,Free-living larvae,Absent,34.56666667,5.833333333,1.750631255,4.25Leptopelis_parkeri,Arthroleptidae,Leptopelis,Leptopelis_parkeri_Arthroleptidae,Scansorial,Free-living larvae,Present,51.16666667,6.666666667,1.81996652,7.55Nyctibates_corrugatus,Arthroleptidae,Nyctibates,Nyctibates_corrugatus_Arthroleptidae,Ground-dwelling,Free-living larvae,Absent,54,12.2,2.286116877,7.5Scotobleps_gabonicus,Arthroleptidae,Scotobleps,Scotobleps_gabonicus_Arthroleptidae,Ground-dwelling,Free-living larvae,Absent,49.2,11.83333333,2.278270139,7.533333333Trichobatrachus_robustus,Arthroleptidae,Trichobatrachus,Trichobatrachus_robustus_Arthroleptidae,Semiaquatic,Free-living larvae,Absent,120.7428571,203.4285714,5.77248706,12.57142857Ascaphus_truei,Ascaphidae,Ascaphus,Ascaphus_truei_Ascaphidae,Semiaquatic,Free-living larvae,Absent,38.95,6,1.809268122,5.5875Batrachyla_leptopus,Batrachylidae,Batrachyla,Batrachyla_leptopus_Batrachylidae,Ground-dwelling,Free-living larvae,Absent,27.03333333,2,1.234056873,4.016666667Batrachyla_taeniata,Batrachylidae,Batrachyla,Batrachyla_taeniata_Batrachylidae,Ground-dwelling,Free-living larvae,Absent,29.675,2.75,1.387373181,4.425Barbourula_busuangensis,Bombinatoridae,Barbourula,Barbourula_busuangensis_Bombinatoridae,Aquatic,NA,Absent,59.475,24.25,2.733102465,8.2375Bombina_microdeladigitora,Bombinatoridae,Bombina,Bombina_fortinuptialis_Bombinatoridae,Semiaquatic,Free-living larvae,Absent,76.6,51.25,3.706256274,8.675Bombina_orientalis,Bombinatoridae,Bombina,Bombina_orientalis_Bombinatoridae,Semiaquatic,Free-living larvae,Absent,42.76666667,5.333333333,1.740547413,5.7Brachycephalus_ephippium,Brachycephalidae,Brachycephalus,Brachycephalus_ephippium_Brachycephalidae,Subfossorial,No free-living larvae,Absent,16.3,0.833333333,0.93874059,2.4Ischnocnema_parva,Brachycephalidae,Ischnocnema,Ischnocnema_parva_Brachycephalidae,Subfossorial,No free-living larvae,NA,19.64,1.05,1.016396357,2.375Breviceps_mossambicus,Brevicipitidae,Breviceps,Breviceps_mossambicus_Brevicipitidae,Subfossorial,No free-living larvae,Absent,39.85,10.1,2.15297908,4.625Callulina_kreffti,Brevicipitidae,Callulina,Callulina_kreffti_Brevicipitidae,Scansorial,No free-living larvae,Absent,28.73333333,2.833333333,1.40884111,3.933333333Probreviceps_loveridgei,Brevicipitidae,Probreviceps,Probreviceps_loveridgei_Brevicipitidae,Subfossorial,No free-living larvae,Absent,43.06666667,10.43333333,2.12178802,4.533333333Spelaeophryne_methneri,Brevicipitidae,Spelaeophryne,Spelaeophryne_methneri_Brevicipitidae,Subfossorial,NA,Absent,38.16666667,5.433333333,1.706811568,2.716666667Adenomus_kelaartii,Bufonidae,Adenomus,Adenomus_kelaartii_Bufonidae,Subfossorial,Free-living larvae,Absent,41.35,6.35,1.851673064,4.65Altiphrynoides_osgoodi,Bufonidae,Altiphrynoides,Altiphrynoides_osgoodi_Bufonidae,Ground-dwelling,Free-living larvae,Absent,43.5,8.066666667,1.981001301,4.6Anaxyrus_cognatus,Bufonidae,Anaxyrus,Anaxyrus_cognatus_Bufonidae,Ground-dwelling,Free-living larvae,Absent,53.43333333,23.13333333,2.840184263,8.116666667Anaxyrus_punctatus,Bufonidae,Anaxyrus,Anaxyrus_punctatus_Bufonidae,Ground-dwelling,Free-living larvae,Absent,49.36666667,11.16666667,2.207131947,6.083333333Atelopus_senex,Bufonidae,Atelopus,Atelopus_senex_Bufonidae,Ground-dwelling,Free-living larvae,Present,28.03333333,1.533333333,1.15301186,3.6Bufo_bufo,Bufonidae,Bufo,Bufo_bufo_Bufonidae,Ground-dwelling,Free-living larvae,Present,71.4,53.1,3.553428952,8.333333333Bufotes_viridis,Bufonidae,Bufotes,Bufotes_viridis_Bufonidae,Ground-dwelling,Free-living larvae,Present,60.4,25.73333333,2.897255597,7.933333333Duttaphrynus_melanostictus,Bufonidae,Duttaphrynus,Duttaphrynus_melanostictus_Bufonidae,Ground-dwelling,Free-living larvae,Absent,69.3,34.43333333,3.18759279,8.233333333Duttaphrynus_stomaticus,Bufonidae,Duttaphrynus,Duttaphrynus_stomaticus_Bufonidae,Ground-dwelling,Free-living larvae,Present,59.43333333,22.86666667,2.838196022,7.1Epidalea_calamita,Bufonidae,Epidalea,Epidalea_calamita_Bufonidae,Ground-dwelling,Free-living larvae,Absent,57.4,20.2,2.716064766,7.9Incilius_luetkenii,Bufonidae,Incilius,Incilius_luetkenii_Bufonidae,Ground-dwelling,Free-living larvae,Present,37.3,3,1.44224957,5.9Ingerophrynus_galeatus,Bufonidae,Ingerophrynus,Ingerophrynus_galeatus_Bufonidae,Ground-dwelling,Free-living larvae,Absent,72.7,45.63333333,3.5015351,8.066666667Leptophryne_borbonica,Bufonidae,Leptophryne,Leptophryne_borbonica_Bufonidae,Subfossorial,Free-living larvae,Absent,29.83333333,3.3,1.473047669,3.883333333Melanophryniscus_stelzneri,Bufonidae,Melanophryniscus,Melanophryniscus_stelzneri_Bufonidae,Ground-dwelling,Free-living larvae,Absent,30.2,2.9,1.423746704,3.7Mertensophryne_micranotis,Bufonidae,Mertensophryne,Mertensophryne_micranotis_Bufonidae,Subfossorial,Free-living larvae,Present,18.53333333,0.6,0.841679064,2.316666667Phrynoidis_asper,Bufonidae,Phrynoidis,Phrynoidis_aspera_Bufonidae,Semiaquatic,Free-living larvae,Absent,62.4,30.16666667,3.081674409,8.55Phrynoidis_juxtasper,Bufonidae,Phrynoidis,Phrynoidis_juxtaspera_Bufonidae,Ground-dwelling,Free-living larvae,Absent,117.1333333,120.3666667,4.674728395,15Rentapia_hosii,Bufonidae,Rentapia,Rentapia_hosii_Bufonidae,Scansorial,Free-living larvae,Present,84.575,51.3,3.662516333,9.65Rhaebo_glaberrimus,Bufonidae,Rhaebo,Rhaebo_glaberrimus_Bufonidae,Ground-dwelling,Free-living larvae,Absent,105.2333333,94.23333333,4.362685679,13.86666667Rhaebo_nasicus,Bufonidae,Rhaebo,Rhaebo_nasicus_Bufonidae,Subfossorial,NA,NA,56.86666667,16.06666667,2.422619354,7.533333333Rhinella_marina,Bufonidae,Rhinella,Rhinella_marina_Bufonidae,Ground-dwelling,Free-living larvae,Present,113.8,138.3333333,5.152701151,14.31666667Rhinella_ocellata,Bufonidae,Rhinella,Rhinella_ocellata_Bufonidae,Ground-dwelling,NA,Absent,46.2,14.1,2.415867089,6.3Schismaderma_carens,Bufonidae,Schismaderma,Schismaderma_carens_Bufonidae,Ground-dwelling,Free-living larvae,Present,76.1,41.96666667,3.392832306,7.983333333Sclerophrys_brauni,Bufonidae,Sclerophrys,Sclerophrys_brauni_Bufonidae,Ground-dwelling,Free-living larvae,Absent,82.03333333,48.46666667,3.600216798,9.933333333Sclerophrys_maculata,Bufonidae,Sclerophrys,Sclerophrys_maculata_Bufonidae,Ground-dwelling,Free-living larvae,Absent,53.33333333,14.66666667,2.395503169,7.116666667Calyptocephalella_gayi,Calyptocephalellidae,Calyptocephalella,Calyptocephalella_gayi_Calyptocephalellidae,Semiaquatic,Free-living larvae,Absent,134.9,384.3333333,7.253914614,13.1Espadarana_prosoblepon,Centrolenidae,Espadarana,Espadarana_prosoblepon_Centrolenidae,Scansorial,Free-living larvae,Absent,24.36666667,0.766666667,0.914846512,3.733333333Teratohyla_spinosa,Centrolenidae,Teratohyla,Teratohyla_spinosa_Centrolenidae,Scansorial,Free-living larvae,Absent,20.5,0.8,0.928317767,3.5Cornufer_guppyi,Ceratobatrachidae,Cornufer,Cornufer_guppyi_Ceratobatrachidae,Ground-dwelling,No free-living larvae,NA,120.75,176.5,5.412687371,15.775Platymantis_hazelae,Ceratobatrachidae,Platymantis,Platymantis_hazelae_Ceratobatrachidae,Scansorial,No free-living larvae,Absent,30.55,1.95,1.24703732,4.675Ceratophrys_cornuta,Ceratophryidae,Ceratophrys,Ceratophrys_cornuta_Ceratophryidae,Subfossorial,Free-living larvae,Absent,87.5,111.3333333,4.726620717,10.7Ceratophrys_ornata,Ceratophryidae,Ceratophrys,Ceratophrys_ornata_Ceratophryidae,Ground-dwelling,Free-living larvae,Absent,108.6333333,176.6666667,5.603398013,10.76666667Lepidobatrachus_laevis,Ceratophryidae,Lepidobatrachus,Lepidobatrachus_laevis_Ceratophryidae,Semiaquatic,Free-living larvae,Absent,64.8,51.5,3.342544793,6.65Conraua_crassipes,Conrauidae,Conraua,Conraua_crassipes_Conrauidae,Semiaquatic,Free-living larvae,Absent,55.43333333,21.36666667,2.736329803,7.716666667Barycholos_pulcher,Craugastoridae,Barycholos,Barycholos_pulcher_Strabomantidae,Subfossorial,No free-living larvae,NA,24.3,1.966666667,1.251331896,3.133333333Craugastor_fitzingeri,Craugastoridae,Craugastor,Craugastor_fitzingeri_Craugastoridae,Scansorial,No free-living larvae,Absent,39.26666667,5.933333333,1.720379085,5.133333333Craugastor_podiciferus,Craugastoridae,Craugastor,Craugastor_podiciferus_Craugastoridae,Subfossorial,No free-living larvae,Absent,27.63333333,2.366666667,1.328962659,3.85Oreobates_quixensis,Craugastoridae,Oreobates,Oreobates_quixensis_Strabomantidae,Ground-dwelling,No free-living larvae,Absent,43.7,10.7,2.082939529,6.933333333Strabomantis_bufoniformis,Craugastoridae,Strabomantis,Strabomantis_bufoniformis_Strabomantidae,Ground-dwelling,No free-living larvae,Absent,28.4,2.75,1.398482818,4.825Thoropa_miliaris,Cycloramphidae,Thoropa,Thoropa_miliaris_Cycloramphidae,Ground-dwelling,Free-living larvae,Absent,55.06666667,17.33333333,2.476031716,7.6Dendrobates_auratus,Dendrobatidae,Dendrobates,Dendrobates_auratus_Dendrobatidae,Scansorial,Free-living larvae,Absent,31,2.766666667,1.390263462,3.85Euphlyctis_cyanophlyctis,Dicroglossidae,Euphlyctis,Euphlyctis_cyanophlyctis_Dicroglossidae,Semiaquatic,Free-living larvae,Absent,48.7,12.76666667,2.327477327,5.816666667Fejervarya_limnocharis,Dicroglossidae,Fejervarya,Fejervarya_limnocharis_Dicroglossidae,Semiaquatic,Free-living larvae,Absent,47.3,7.933333333,1.993895954,6.116666667Hoplobatrachus_tigerinus,Dicroglossidae,Hoplobatrachus,Hoplobatrachus_tigerinus_Dicroglossidae,Semiaquatic,Free-living larvae,Present,105.7,125.9666667,4.892829829,12.48333333Limnonectes_khasianus,Dicroglossidae,Limnonectes,Limnonectes_laticeps_Dicroglossidae,Semiaquatic,Free-living larvae,NA,39.5,7.85,1.987196998,6.125Occidozyga_laevis,Dicroglossidae,Occidozyga,Occidozyga_laevis_Dicroglossidae,Aquatic,Free-living larvae,Absent,28.63333333,3.2,1.464267295,3.55Occidozyga_lima,Dicroglossidae,Occidozyga,Occidozyga_lima_Dicroglossidae,Aquatic,Free-living larvae,Absent,25.86666667,3.033333333,1.446399163,3.266666667Quasipaa_fasciculispina,Dicroglossidae,Quasipaa,Quasipaa_fasciculispina_Dicroglossidae,Semiaquatic,NA,Absent,107.5333333,135.3333333,5.1086894,15.15Diasporus_diastema,Eleutherodactylidae,Diasporus,Diasporus_diastema_Eleutherodactylidae,Scansorial,No free-living larvae,Absent,17.9,0.966666667,0.987752962,2.916666667Eleutherodactylus_coqui,Eleutherodactylidae,Eleutherodactylus,Eleutherodactylus_coqui_Eleutherodactylidae,Scansorial,No free-living larvae,Absent,28.05,2.35,1.329436011,4.425Eleutherodactylus_marnockii,Eleutherodactylidae,Eleutherodactylus,Eleutherodactylus_marnockii_Eleutherodactylidae,Ground-dwelling,No free-living larvae,Absent,21.86666667,0.9,0.950194265,3.266666667Eleutherodactylus_planirostris,Eleutherodactylidae,Eleutherodactylus,Eleutherodactylus_planirostris_Eleutherodactylidae,Ground-dwelling,No free-living larvae,Absent,21.83333333,1.233333333,1.072236674,3.066666667Heleophryne_purcelli,Heleophrynidae,Heleophryne,Heleophryne_purcelli_Heleophrynidae,Semiaquatic,Free-living larvae,Present,41.25,6,1.817120593,6.225Cryptobatrachus_boulengeri,Hemiphractidae,Cryptobatrachus,Cryptobatrachus_boulengeri_Hemiphractidae,Semiaquatic,No free-living larvae,NA,70.8,38,3.361975407,11.3Flectonotus_fitzgeraldi,Hemiphractidae,Flectonotus,Flectonotus_fitzgeraldi_Hemiphractidae,Scansorial,Free-living larvae,Absent,21.16666667,0.7,0.886551478,3.683333333Gastrotheca_cornuta,Hemiphractidae,Gastrotheca,Gastrotheca_cornuta_Hemiphractidae,Scansorial,No free-living larvae,Absent,73.7,27.5,3.015625122,11.2Gastrotheca_pseustes,Hemiphractidae,Gastrotheca,Gastrotheca_pseustes_Hemiphractidae,Scansorial,Free-living larvae,Absent,44.3,8.333333333,2.022455291,6.3Hemiphractus_bubalus,Hemiphractidae,Hemiphractus,Hemiphractus_bubalus_Hemiphractidae,Scansorial,No free-living larvae,NA,50.9,9,1.954230822,6.675Stefania_evansi,Hemiphractidae,Stefania,Stefania_evansi_Hemiphractidae,Scansorial,No free-living larvae,Absent,59.825,15.575,2.433593997,8.6125Hemisus_marmoratus,Hemisotidae,Hemisus,Hemisus_marmoratus_Hemisotidae,Fossorial,Free-living larvae,Absent,37.85,8,1.971448555,3.25Acris_gryllus,Hylidae,Acris,Acris_gryllus_Hylidae,Ground-dwelling,Free-living larvae,Absent,20,0.866666667,0.947067388,2.816666667Agalychnis_callidryas,Hylidae,Agalychnis,Agalychnis_callidryas_Hylidae,Scansorial,Free-living larvae,Absent,55.625,10,2.131358279,7.375Aplastodiscus_albofrenatus,Hylidae,Aplastodiscus,Aplastodiscus_albofrenatus_Hylidae,Scansorial,NA,NA,38.1,2.6,1.375068867,5.4Boana_fasciata,Hylidae,Boana,Hypsiboas_fasciatus_Hylidae,Scansorial,Free-living larvae,NA,37,3.766666667,1.526458762,5.783333333Dendropsophus_parviceps,Hylidae,Dendropsophus,Dendropsophus_parviceps_Hylidae,Scansorial,Free-living larvae,Absent,22.43333333,1.2,1.062110522,3.616666667Dryophytes_arenicolor,Hylidae,Dryophytes,Hyla_arenicolor_Hylidae,Ground-dwelling,Free-living larvae,Absent,30.9,2.766666667,1.343936479,4.516666667Dryophytes_cinereus,Hylidae,Dryophytes,Hyla_cinerea_Hylidae,Scansorial,Free-living larvae,Present,41.9,4.633333333,1.662926872,4.366666667Hyla_chinensis,Hylidae,Hyla,Hyla_chinensis_Hylidae,Scansorial,Free-living larvae,Absent,33.8,3,1.435134489,4.466666667Osteocephalus_taurinus,Hylidae,Osteocephalus,Osteocephalus_taurinus_Hylidae,Scansorial,Free-living larvae,Absent,71.4,19.56666667,2.684557089,9.633333333Pseudis_paradoxa,Hylidae,Pseudis,Pseudis_paradoxa_Hylidae,Aquatic,Free-living larvae,Absent,55.2,24.16666667,2.886642755,7.283333333Scinax_ruber,Hylidae,Scinax,Scinax_ruber_Hylidae,Scansorial,Free-living larvae,Absent,38.8,4.233333333,1.617052624,4.95Trachycephalus_typhonius,Hylidae,Trachycephalus,Trachycephalus_typhonius_Hylidae,Scansorial,Free-living larvae,Present,65.63333333,22.13333333,2.780755487,8.716666667Hylodes_nasus,Hylodidae,Hylodes,Hylodes_nasus_Hylodidae,Ground-dwelling,Free-living larvae,NA,41.43333333,6,1.813342574,6.116666667Afrixalus_dorsalis,Hyperoliidae,Afrixalus,Afrixalus_dorsalis_Hyperoliidae,Scansorial,Free-living larvae,Absent,25.3,1.366666667,1.10916667,3.65Hyperolius_bolifambae,Hyperoliidae,Hyperolius,Hyperolius_bolifambae_Hyperoliidae,Scansorial,Free-living larvae,Present,25.4,1.933333333,1.239158631,4.383333333Hyperolius_viridiflavus,Hyperoliidae,Hyperolius,Hyperolius_viridiflavus_Hyperoliidae,Scansorial,Free-living larvae,Present,24.86666667,1.3,1.090913465,3.35Phlyctimantis _verrucosus,Hyperoliidae,Phlyctimantis,Phlyctimantis_verrucosus_Hyperoliidae,Scansorial,Free-living larvae,Absent,51.3,9.25,2.096698369,6.725Leiopelma_hochstetteri,Leiopelmatidae,Leiopelma,Leiopelma_hochstetteri_Leiopelmatidae,Semiaquatic,Free-living larvae,Absent,38.96666667,5.333333333,1.740547413,6.283333333Engystomops_pustulosus,Leptodactylidae,Engystomops,Physalaemus_pustulosus_Leptodactylidae,Ground-dwelling,Free-living larvae,Absent,29.33333333,2.633333333,1.371263159,3.583333333Leptodactylus_albilabris,Leptodactylidae,Leptodactylus,Leptodactylus_albilabris_Leptodactylidae,Ground-dwelling,Free-living larvae,NA,32.9,2.966666667,1.431668673,4.416666667Leptodactylus_bolivianus,Leptodactylidae,Leptodactylus,Leptodactylus_bolivianus_Leptodactylidae,Ground-dwelling,Free-living larvae,Absent,83.93333333,41.73333333,3.443458361,8.866666667Leptodactylus_melanonotus,Leptodactylidae,Leptodactylus,Leptodactylus_melanonotus_Leptodactylidae,Ground-dwelling,Free-living larvae,Absent,33.8,3.3,1.488704249,3.933333333Lithodytes_lineatus,Leptodactylidae,Lithodytes,Lithodytes_lineatus_Leptodactylidae,Subfossorial,Free-living larvae,NA,46.2,7.6,1.966095145,5.6Physalaemus_cuvieri,Leptodactylidae,Physalaemus,Physalaemus_cuvieri_Leptodactylidae,Ground-dwelling,NA,Absent,26.5,2.166666667,1.292858191,3.5Pleurodema_thaul,Leptodactylidae,Pleurodema,Pleurodema_thaul_Leptodactylidae,Ground-dwelling,Free-living larvae,Present,40.23333333,6.733333333,1.886586015,5.216666667Limnodynastes_salmini,Limnodynastidae,Limnodynastes,Limnodynastes_salmini_Myobatrachidae,Subfossorial,Free-living larvae,Absent,61.76666667,24.33333333,2.888505701,7.4Aglyptodactylus_madagascariensis,Mantellidae,Aglyptodactylus,Aglyptodactylus_madagascariensis_Mantellidae,Subfossorial,Free-living larvae,Present,42.63333333,8.633333333,1.991779489,6.166666667Mantella_aurantiaca,Mantellidae,Mantella,Mantella_aurantiaca_Mantellidae,Ground-dwelling,Free-living larvae,Absent,21.65,1.15,1.047469342,2.6Leptobrachella_dringi,Megophryidae,Leptobrachella,Leptobrachella_dringi_Megophryidae,Ground-dwelling,Free-living larvae,NA,42.3,4.333333333,1.620733821,6.116666667Leptobrachium_chapaense,Megophryidae,Leptobrachium,Leptobrachium_chapaense_Megophryidae,Ground-dwelling,Free-living larvae,Absent,54.66666667,13,2.306363941,7.9Megophrys_brachykolos,Megophryidae,Megophrys,Megophrys_brachykolos_Megophryidae,Semiaquatic,Free-living larvae,NA,40.73333333,4.666666667,1.669117649,5.666666667Megophrys_feae,Megophryidae,Megophrys,Megophrys_feae_Megophryidae,Subfossorial,Free-living larvae,Absent,114.6,106.3333333,4.733289983,11.16666667Megophrys_gerti,Megophryidae,Megophrys,Megophrys_gerti_Megophryidae,Ground-dwelling,Free-living larvae,NA,32.3,3,1.44224957,4.2Megophrys_intermedia,Megophryidae,Megophrys,Megophrys_intermedia_Megophryidae,Ground-dwelling,Free-living larvae,NA,102.1,84,4.37951914,10.9Megophrys_microstoma,Megophryidae,Megophrys,Megophrys_microstoma_Megophryidae,Ground-dwelling,Free-living larvae,Absent,35.5,3,1.44224957,4.866666667Megophrys_nasuta,Megophryidae,Megophrys,Megophrys_nasuta_Megophryidae,Ground-dwelling,Free-living larvae,Absent,101,82.25,4.20222952,12.3Scutiger_boulengeri,Megophryidae,Scutiger,Scutiger_boulengeri_Megophryidae,Ground-dwelling,Free-living larvae,NA,54.2,13,2.347175618,6.85Micrixalus_phyllophilus,Micrixalidae,Micrixalus,Micrixalus_phyllophilus_Micrixalidae,Subfossorial,NA,NA,32.55,4.45,1.643692998,3.95Anodonthyla_boulengerii,Microhylidae,Anodonthyla,Anodonthyla_boulengerii_Microhylidae,Scansorial,Free-living larvae,Absent,19,0.4,0.7368063,2.3Chaperina_fusca,Microhylidae,Chaperina,Chaperina_fusca_Microhylidae,Ground-dwelling,Free-living larvae,Absent,22.83333333,1.8,1.213911269,3.05Chiasmocleis_albopunctata,Microhylidae,Chiasmocleis,Chiasmocleis_albopunctata_Microhylidae,Subfossorial,NA,Absent,27.8,1.9,1.21943627,2.2Cophixalus_cheesmanae,Microhylidae,Cophixalus,Cophixalus_cheesmanae_Microhylidae,Scansorial,NA,NA,26.7,2.3,1.317663049,3.7Cophixalus_neglectus,Microhylidae,Cophixalus,Cophixalus_neglectus_Microhylidae,Subfossorial,No free-living larvae,Absent,20.93333333,1.466666667,1.121083339,3Cophyla_tuberifera,Microhylidae,Cophyla,Platypelis_tuberifera_Microhylidae,Scansorial,Free-living larvae,NA,34.7,3.266666667,1.47624573,4.8Ctenophryne_aterrima,Microhylidae,Ctenophryne,Ctenophryne_aterrima_Microhylidae,Subfossorial,Free-living larvae,Absent,46.25,10.4,2.1684609,3.95Dermatonotus_muelleri,Microhylidae,Dermatonotus,Dermatonotus_muelleri_Microhylidae,Fossorial,Free-living larvae,Absent,62.13333333,30.43333333,3.116406253,5.133333333Dyscophus_antongilii,Microhylidae,Dyscophus,Dyscophus_antongilii_Microhylidae,Ground-dwelling,Free-living larvae,Present,68.33333333,44.7,3.422307553,9.8Elachistocleis_ovalis,Microhylidae,Elachistocleis,Elachistocleis_ovalis_Microhylidae,Subfossorial,Free-living larvae,Absent,35.9,4.266666667,1.610268376,2.6Gastrophryne_carolinensis,Microhylidae,Gastrophryne,Gastrophryne_carolinensis_Microhylidae,Subfossorial,Free-living larvae,Present,25.24285714,3.666666667,1.539017225,2.328571429Gastrophryne_olivacea,Microhylidae,Gastrophryne,Gastrophryne_olivacea_Microhylidae,Subfossorial,Free-living larvae,Absent,28.08,2.166666667,1.28405772,2.18Gastrophrynoides_borneensis,Microhylidae,Gastrophrynoides,Gastrophrynoides_borneensis_Microhylidae,Subfossorial,NA,NA,13.2,0.3,0.66943295,1.55Glyphoglossus_guttulatus,Microhylidae,Glyphoglossus,Calluella_guttulata_Microhylidae,Fossorial,Free-living larvae,NA,42.5,9,2.007035513,3.75Hoplophryne_rogersi,Microhylidae,Hoplophryne,Hoplophryne_rogersi_Microhylidae,Ground-dwelling,Free-living larvae,Absent,24.2,1.833333333,1.215566394,2.966666667Hylophorbus_rufescens,Microhylidae,Hylophorbus,Hylophorbus_rufescens_Microhylidae,Ground-dwelling,No free-living larvae,NA,36.8,6.15,1.826139695,4.775Kalophrynus_interlineatus,Microhylidae,Kalophrynus,Kalophrynus_interlineatus_Microhylidae,Subfossorial,NA,Absent,38.23333333,7.366666667,1.929476177,4.416666667Kalophrynus_pleurostigma,Microhylidae,Kalophrynus,Kalophrynus_pleurostigma_Microhylidae,Subfossorial,Free-living larvae,Absent,44.66666667,10.53333333,2.154306042,5.5Kaloula_conjuncta,Microhylidae,Kaloula,Kaloula_conjuncta_Microhylidae,Scansorial,Free-living larvae,NA,43.2,9.466666667,2.072499448,4.9Kaloula_indochinensis,Microhylidae,Kaloula,Kaloula_indochinensis_Microhylidae,Ground-dwelling,NA,Absent,56.5,18,2.61984162,5.45Kaloula_pulchra,Microhylidae,Kaloula,Kaloula_pulchra_Microhylidae,Ground-dwelling,Free-living larvae,Absent,66.85,39.75,3.406897635,6.85Mantophryne_lateralis,Microhylidae,Mantophryne,Mantophryne_lateralis_Microhylidae,Ground-dwelling,No free-living larvae,NA,30.73333333,3.166666667,1.419712469,3.95Melanobatrachus_indicus,Microhylidae,Melanobatrachus,Melanobatrachus_indicus_Microhylidae,Subfossorial,NA,NA,28.13333333,2.333333333,1.28004725,3.866666667Microhyla_annectens,Microhylidae,Microhyla,Microhyla_annectens_Microhylidae,Ground-dwelling,Free-living larvae,Absent,17.36666667,0.6,0.828551573,2.2Microhyla_heymonsi,Microhylidae,Microhyla,Microhyla_heymonsi_Microhylidae,Subfossorial,NA,Absent,19.55,1.55,1.124161945,2.275Microhyla_pulverata,Microhylidae,Microhyla,Microhyla_pulverata_Microhylidae,Ground-dwelling,NA,NA,23.86666667,NA,NA,2.75Oreophryne_variabilis,Microhylidae,Oreophryne,Oreophryne_variabilis_Microhylidae,Scansorial,NA,NA,25.36666667,1.8,1.213911269,3.15Phrynomantis_microps,Microhylidae,Phrynomantis,Phrynomantis_microps_Microhylidae,Subfossorial,Free-living larvae,Absent,52.4,15.4,2.420893339,4.9Plethodontohyla_notosticta,Microhylidae,Plethodontohyla,Plethodontohyla_notosticta_Microhylidae,Scansorial,Free-living larvae,Absent,37.6,4.866666667,1.687433406,4.3Scaphiophryne_marmorata,Microhylidae,Scaphiophryne,Scaphiophryne_marmorata_Microhylidae,Subfossorial,Free-living larvae,Absent,39.93333333,8.566666667,2.003121282,5.2Stumpffia_?grandis,Microhylidae,Stumpffia,Stumpffia_grandis_Microhylidae,Ground-dwelling,NA,NA,14.6,0.4,0.7368063,1.9Synapturanus_mirandaribeiroi,Microhylidae,Synapturanus,Synapturanus_mirandaribeiroi_Microhylidae,Subfossorial,Free-living larvae,NA,31.06666667,2.9,1.424908204,2.066666667Uperodon_globulosus,Microhylidae,Uperodon,Uperodon_globulosus_Microhylidae,Fossorial,Free-living larvae,Absent,69.5,72,4.160167646,4.55Uperodon_systoma,Microhylidae,Uperodon,Uperodon_systoma_Microhylidae,Fossorial,NA,Absent,53.86666667,26.63333333,2.951528915,5.35Crinia_signifera,Myobatrachidae,Crinia,Crinia_signifera_Myobatrachidae,Ground-dwelling,Free-living larvae,Absent,25.225,2.25,1.30550318,3.4Mixophyes_fasciolatus,Myobatrachidae,Mixophyes,Mixophyes_fasciolatus_Myobatrachidae,Ground-dwelling,Free-living larvae,Absent,49.93333333,15,2.25992105,7.683333333Myobatrachus_gouldii,Myobatrachidae,Myobatrachus,Myobatrachus_gouldii_Myobatrachidae,Fossorial,No free-living larvae,Absent,39.1,7.5,1.918947945,3.35Uperoleia_laevigata,Myobatrachidae,Uperoleia,Uperoleia_laevigata_Myobatrachidae,Ground-dwelling,NA,NA,21.25,1.25,1.064980263,2.6125Nasikabatrachus_sahyadrensis,Nasikabatrachidae,Nasikabatrachus,Nasikabatrachus_sahyadrensis_Nasikabatrachidae,Fossorial,Free-living larvae,Absent,72.575,72.5,3.906165647,2.175Nyctibatrachus_humayuni,Nyctibatrachidae,Nyctibatrachus,Nyctibatrachus_humayuni_Nyctibatrachidae,Semiaquatic,Free-living larvae,Absent,43.76666667,10.43333333,2.148449693,6.1Odontobatrachus_natator,Odontobatrachidae,Odontobatrachus,Odontobatrachus_natator_Odontobatrachidae,Semiaquatic,Free-living larvae,Absent,52.98333333,14.22333333,2.412096187,7.18Odontophrynus_americanus,Odontophrynidae,Odontophrynus,Odontophrynus_americanus_Odontophrynidae,Ground-dwelling,Free-living larvae,Absent,47.43333333,14.06666667,2.407234046,6.733333333Proceratophrys_boiei,Odontophrynidae,Proceratophrys,Proceratophrys_boiei_Odontophrynidae,Subfossorial,Free-living larvae,Absent,58.56666667,19.26666667,2.662206948,8.566666667Pelobates_cultripes,Pelobatidae,Pelobates,Pelobates_cultripes_Pelobatidae,Fossorial,Free-living larvae,Absent,75.63333333,60.33333333,3.879772254,11.21666667Pelobates_syriacus,Pelobatidae,Pelobates,Pelobates_syriacus_Pelobatidae,Fossorial,Free-living larvae,Absent,65.35,34.2,3.031555734,7.7Nyctimystes_kubori,Pelodryadidae,Nyctimystes,Nyctimystes_kubori_Hylidae,Scansorial,Free-living larvae,NA,44.8,7.666666667,1.923762194,6.5Nyctimystes_papua,Pelodryadidae,Nyctimystes,Nyctimystes_papua_Hylidae,Scansorial,NA,NA,49.3,5.6,1.772377422,6.45Ranoidea_caerulea,Pelodryadidae,Ranoidea,Litoria_caerulea_Hylidae,Scansorial,Free-living larvae,NA,81.73333333,30.93333333,3.128690665,7.766666667Ranoidea_platycephala,Pelodryadidae,Ranoidea,Ranoidea_platycephala_Hylidae,Ground-dwelling,Free-living larvae,Absent,51.23333333,16.33333333,2.524479916,6.333333333Pelodytes_punctatus,Pelodytidae,Pelodytes,Pelodytes_punctatus_Pelodytidae,Ground-dwelling,Free-living larvae,Absent,35.64,4.4,1.584872749,4.41Petropedetes_parkeri,Petropedetidae,Petropedetes,Petropedetes_parkeri_Petropedetidae,Scansorial,Free-living larvae,Absent,53.36666667,14.46666667,2.39220799,7.266666667Phrynobatrachus_krefftii,Phrynobatrachidae,Phrynobatrachus,Phrynobatrachus_krefftii_Phrynobatrachidae,Semiaquatic,Free-living larvae,Absent,30.66666667,3.2,1.472650077,4.683333333Phrynobatrachus_natalensis,Phrynobatrachidae,Phrynobatrachus,Phrynobatrachus_natalensis_Phrynobatrachidae,Ground-dwelling,Free-living larvae,Present,26.93333333,2.4,1.337691406,3.7Agalychnis_dacnicolor,Phyllomedusidae,Agalychnis,Agalychnis_dacnicolor_Hylidae,Scansorial,Free-living larvae,Absent,80.86666667,22.03333333,2.784048657,8.7Cruziohyla_calcarifer,Phyllomedusidae,Cruziohyla,Cruziohyla_calcarifer_Hylidae,Scansorial,Free-living larvae,Absent,64.2,12.4,2.314589055,8.5Pithecopus_hypochondrialis,Phyllomedusidae,Pithecopus,Phyllomedusa_hypochondrialis_Hylidae,Scansorial,Free-living larvae,NA,41.53333333,2.766666667,1.392540203,5.316666667Hymenochirus_boettgeri,Pipidae,Hymenochirus,Hymenochirus_boettgeri_Pipidae,Aquatic,Free-living larvae,Absent,32.875,2.75,1.39666744,1.7125Pipa_carvalhoi,Pipidae,Pipa,Pipa_carvalhoi_Pipidae,Aquatic,Free-living larvae,Absent,46.675,11,2.1878757,2.75Pipa_pipa,Pipidae,Pipa,Pipa_pipa_Pipidae,Aquatic,No free-living larvae,Absent,118.7666667,174.3333333,5.53625717,3.7Pseudhymenochirus_merlini,Pipidae,Pseudhymenochirus,Pseudhymenochirus_merlini_Pipidae,Aquatic,Free-living larvae,Absent,43.225,6.5,1.862192374,3.4125Xenopus_fraseri,Pipidae,Xenopus,Xenopus_fraseri_Pipidae,Aquatic,Free-living larvae,Absent,47.83333333,10.33333333,2.174648999,3.266666667Xenopus_tropicalis,Pipidae,Xenopus,Xenopus_tropicalis_Pipidae,Aquatic,Free-living larvae,Absent,28.7,3.666666667,1.506430404,1.916666667Ptychadena_mascareniensis,Ptychadenidae,Ptychadena,Ptychadena_mascareniensis_Ptychadenidae,Ground-dwelling,Free-living larvae,Absent,48.43333333,12.03333333,2.278751543,5.833333333Ptychadena_oxyrhynchus,Ptychadenidae,Ptychadena,Ptychadena_oxyrhynchus_Ptychadenidae,Ground-dwelling,Free-living larvae,Absent,57.8,20.7,2.728954676,7.35Amietia_angolensis,Pyxicephalidae,Amietia,Amietia_angolensis_Pyxicephalidae,Semiaquatic,Free-living larvae,Absent,72.2,33.16666667,3.211670375,8.766666667Aubria_subsigillata,Pyxicephalidae,Aubria,Aubria_subsigillata_Pyxicephalidae,Aquatic,Free-living larvae,Absent,89.26666667,63.66666667,3.894176798,10.65Pyxicephalus_edulis,Pyxicephalidae,Pyxicephalus,Pyxicephalus_edulis_Pyxicephalidae,Ground-dwelling,Free-living larvae,Present,58.5,22.03333333,2.679885384,7.633333333Strongylopus_grayii,Pyxicephalidae,Strongylopus,Strongylopus_grayii_Pyxicephalidae,Ground-dwelling,Free-living larvae,Absent,26.6,2.4,1.32517855,3.5Amolops_ricketti,Ranidae,Amolops,Amolops_ricketti_Ranidae,Semiaquatic,Free-living larvae,Absent,50.96666667,11.93333333,2.277883935,7.05Lithobates_berlandieri,Ranidae,Lithobates,Rana_berlandieri_Ranidae,Semiaquatic,Free-living larvae,Absent,63.6,22.6,2.827185869,7.8Lithobates_catesbeianus,Ranidae,Lithobates,Rana_catesbeiana_Ranidae,Semiaquatic,Free-living larvae,Absent,119.55,193,5.769829129,14.475Lithobates_pipiens,Ranidae,Lithobates,Rana_pipiens_Ranidae,Semiaquatic,Free-living larvae,Absent,57.3,20.96666667,2.756953837,7.083333333Lithobates_virgatipes,Ranidae,Lithobates,Rana_virgatipes_Ranidae,Semiaquatic,Free-living larvae,Absent,46.73333333,10.96666667,2.21249232,6.833333333Nidirana_chapaensis,Ranidae,Nidirana,Babina_chapaensis_Ranidae,Semiaquatic,NA,NA,44.7,7.666666667,1.902171814,5.6Odorrana_hosii,Ranidae,Odorrana,Odorrana_hosii_Ranidae,Semiaquatic,Free-living larvae,Present,76,32.2,3.016109325,10.61666667Pelophylax_ridibundus,Ranidae,Pelophylax,Pelophylax_ridibundus_Ranidae,Semiaquatic,Free-living larvae,Absent,83.06666667,63.16666667,3.979112312,9.633333333Rana_amurensis,Ranidae,Rana,Rana_amurensis_Ranidae,Ground-dwelling,Free-living larvae,NA,52.9,10.66666667,2.192940546,6.016666667Rana_chensinensis,Ranidae,Rana,Rana_chensinensis_Ranidae,Ground-dwelling,Free-living larvae,Absent,57.63333333,18.3,2.584338979,6.733333333Rana_japonica,Ranidae,Rana,Rana_japonica_Ranidae,Ground-dwelling,Free-living larvae,Absent,60.05,17.5,2.593183105,7.1Rana_temporaria,Ranidae,Rana,Rana_temporaria_Ranidae,Ground-dwelling,Free-living larvae,Present,68.56,29.96333333,3.099353209,7.568333333Sylvirana_guentheri,Ranidae,Sylvirana,Sylvirana_guentheri_Ranidae,Semiaquatic,Free-living larvae,NA,65.86666667,21.9,2.73868771,8.5Kurixalus_odontotarsus,Rhacophoridae,Kurixalus,Kurixalus_odontotarsus_Rhacophoridae,Scansorial,NA,Absent,33.46666667,4,1.587401052,5.316666667Rhacophorus_dennysi,Rhacophoridae,Rhacophorus,Rhacophorus_dennysi_Rhacophoridae,Scansorial,Free-living larvae,Absent,92.66666667,38.16666667,3.363471549,9.7Rhinoderma_darwinii,Rhinodermatidae,Rhinoderma,Rhinoderma_darwinii_Rhinodermatidae,Ground-dwelling,No free-living larvae,Absent,27.45,2.5,1.35108531,3.7Rhinophrynus_dorsalis,Rhinophrynidae,Rhinophrynus,Rhinophrynus_dorsalis_Rhinophrynidae,Fossorial,Free-living larvae,Absent,67.7,51.25,3.706990595,4.075Scaphiopus_couchii,Scaphiopodidae,Scaphiopus,Scaphiopus_couchii_Scaphiopodidae,Ground-dwelling,Free-living larvae,Present,55.9,18.66666667,2.630826811,8.133333333Scaphiopus_holbrookii,Scaphiopodidae,Scaphiopus,Scaphiopus_holbrookii_Scaphiopodidae,Ground-dwelling,Free-living larvae,Absent,65.83333333,27.66666667,3.012925111,8.466666667Spea_bombifrons,Scaphiopodidae,Spea,Spea_bombifrons_Scaphiopodidae,Ground-dwelling,Free-living larvae,Absent,52.825,14.5,2.436882782,7.425Spea_intermontana,Scaphiopodidae,Spea,Spea_intermontana_Scaphiopodidae,Ground-dwelling,Free-living larvae,Absent,45.6,12.5,2.320381587,6.95Spea_multiplicata,Scaphiopodidae,Spea,Spea_multiplicata_Scaphiopodidae,Ground-dwelling,Free-living larvae,Absent,48.23333333,13,2.339747258,6.883333333Sooglossus_sechellensis,Sooglossidae,Sooglossus,Sooglossus_sechellensis_Sooglossidae,Subfossorial,Free-living larvae,Absent,20.66666667,1.033333333,0.99936921,3.45Telmatobius_culeus,Telmatobiidae,Telmatobius,Telmatobius_culeus_Telmatobiidae,Aquatic,Free-living larvae,Absent,86.82,65.2,3.989967886,8.78